filename,composer,tt_mean,tt_std,tt_entropy,hc_mean,hc_std,hc_entropy,pt_mean,pt_std,pt_entropy,mc_mean,mc_std,mc_entropy
lc4904021.mxl,Johannes Brahms,0.4239117789352516,0.31707859229546176,4.5018783774053635,0.34385822162874685,0.17833030191018306,4.6744456474339895,1.5757575757575757,1.5404702751118613,5.037344062268435,-0.06060606060606061,1.042706092974864,4.709589805272419
lc4919673.mxl,Clara Schumann,0.44154660569788573,0.3666066629206922,6.268958691827503,0.34121363833722335,0.1894949296978674,6.528239274513596,2.508670520231214,1.5626363417410294,6.566004556686744,0.005780346820809248,0.4796085810938325,6.727086671281123
lc4919879.mxl,Franz Schubert,0.5008876147498905,0.3248658057469563,5.176524369659087,0.3841857391315337,0.12418201491495048,5.432907911849575,3.0365853658536586,1.7837007429144742,5.302826414539753,0.16260162601626016,0.7637517978884527,5.419267152943417
lc4926375.mxl,Johannes Brahms,0.6803745013073205,0.18781641929726922,4.361880443446847,0.2436357708410417,0.13233103716682632,4.184554715849933,2.774390243902439,1.4199202120842234,4.959836614637908,-0.0963855421686747,1.0711378684767647,4.214655750022693
lc4946175.mxl,Johannes Brahms,0.5403521385702897,0.30929601214876484,5.092371338304698,0.24533092923767275,0.18700946735499516,4.9103355945792675,2.315403422982885,1.1104229006009343,5.8945640043022856,-0.12195121951219512,0.9876091344750274,5.146125182264079
lc4946239.mxl,Johannes Brahms,0.7001249984327385,0.19889814977940568,4.861106767768183,0.4145425467081772,0.06820430247416832,4.838646707171724,2.217391304347826,1.4483330269747476,5.400575276866062,-0.06521739130434782,1.0014954162067091,4.781682448855959
lc4976769.mxl,Robert Schumann,0.7941207741656731,0.15607634614222668,3.52165433271186,0.43336711903691,0.10835808138280767,3.5096887113716817,2.6470588235294117,2.35624767674938,3.7158806398528945,-0.3142857142857143,0.9187391537607729,3.3606640718190137
lc4976849.mxl,Robert Schumann,0.6872056836491193,0.1886514520565728,3.7337420227596283,0.21641366777482943,0.1561970601743619,3.4048976671229916,2.67816091954023,2.0426163798555828,4.150806437529268,-0.3181818181818182,0.9480297097551914,3.6201016451006023
lc4978368.mxl,Robert Schumann,0.5802952609622847,0.3224007937760322,3.888744523640765,0.43093039935321537,0.08038352173410071,4.118175818316737,2.9126984126984126,2.8396843141946597,4.246872647590984,0.0,0.8908708063747479,4.026046696079118
lc4978373.mxl,Robert Schumann,0.7591054432537528,0.19989338611548146,3.74967929175179,0.2946572804746652,0.10562592223970475,3.7119087488067435,5.348314606741573,1.4541774275893016,4.430259286672466,-0.24444444444444444,0.8207193472275284,3.656258958362629
lc4978379.mxl,Robert Schumann,0.2968594840669357,0.35084123578174736,4.636533809616839,0.29166827596163564,0.14555763552276382,5.27252475954609,1.0881720430107527,1.431883447407764,5.267462332711056,-0.09012875536480687,0.632140909406125,5.380677192124131
lc4978382.mxl,Robert Schumann,0.7581921042708402,0.09121623225956482,4.904117131776635,0.4616098339702288,0.08480174540705288,4.9282150710709764,3.648936170212766,1.0004337372322192,5.601086225471838,0.03546099290780142,0.811367355805679,4.852183929322403
lc4978387.mxl,Robert Schumann,0.7307166199443559,0.22949367222986952,4.245268379014753,0.2775810843489807,0.12883803130285057,4.157072406370633,6.691275167785235,2.5590983333954536,4.9158037597052004,-0.29333333333333333,0.761985709985576,4.20055984418723
lc4978390.mxl,Robert Schumann,0.6482761174818462,0.2260011510794812,5.442780328812049,0.3896262191964323,0.15912219604756453,5.422518410511127,4.761904761904762,2.5242587201330613,5.398524628019503,0.015873015873015872,0.5702147602122558,5.483063520770772
lc4978393.mxl,Robert Schumann,0.48917108214431876,0.3608379923988553,4.114039424571733,0.19093399909841735,0.15563962037039653,4.052273636088838,2.075675675675676,1.5784709339763996,4.941571423321288,-0.16129032258064516,0.8070965163352776,4.389701116262642
lc4978395.mxl,Robert Schumann,0.4595021975753907,0.36386019747117837,4.7278915919828055,0.25112014832558227,0.1603062759735229,4.865627594995701,2.288135593220339,1.2806801793295128,5.004956073495675,0.03389830508474576,0.6368913297646079,5.116809097855011
lc4978396.mxl,Robert Schumann,0.18268917337299975,0.31682317602767024,4.0636401962759665,0.17324173875904406,0.21501719026078686,4.511799127746045,1.222707423580786,2.0851334048798322,4.088882318662966,0.026200873362445413,0.5754921750056096,5.389912598289463
lc4978397.mxl,Robert Schumann,0.4715625195816963,0.3527680782746837,3.9424682654851684,0.4188498862749753,0.14844108663414493,4.264341819477305,2.732484076433121,2.289221951114873,4.572297444679199,-0.16455696202531644,1.0957961067255264,4.132866131121627
lc4978398.mxl,Robert Schumann,0.3170500864739246,0.3640086917066517,5.713415712622886,0.37515162004023694,0.15776731576275227,6.375248148667678,2.3705882352941177,2.6998398004505537,5.772651555361379,0.03823529411764706,0.6849279506472594,6.449780542770669
lc4978400.mxl,Robert Schumann,0.48664570846629496,0.3268831964451805,5.369517749539407,0.3508095488327573,0.1878373532065531,5.463217960308956,2.371186440677966,1.9159058438576801,6.00274312578776,-0.11186440677966102,0.7440349786206886,5.575529584739412
lc4978468.mxl,Robert Schumann,0.6153371276167845,0.2810420268581514,4.515961684767139,0.42027314722612796,0.1498165893397696,4.573008902290828,2.087962962962963,2.065287066074575,4.744632188168709,0.009259259259259259,0.7875815110122508,4.595558596255032
lc4978478.mxl,Robert Schumann,0.6961017643590081,0.1716440988878265,5.60375107577425,0.45404669280865956,0.10307592393751672,5.6155327225953044,3.5140845070422535,1.185213568993439,6.277219658280561,0.13380281690140844,1.0016104865428619,5.505380999309333
lc4978485.mxl,Robert Schumann,0.26500787452309554,0.35001446058942537,4.55986072549908,0.3862404521142385,0.18697014093088546,5.358480147772176,1.7722007722007722,2.3212630079266146,4.6022182993356715,-0.019305019305019305,0.7270384069546545,5.47510653505795
lc4978488.mxl,Robert Schumann,0.6010761312820675,0.2919901708662181,4.98828259391608,0.3710791798759457,0.12691050548179386,5.097492026307799,2.621468926553672,1.6132194327802951,5.675648238097045,0.03389830508474576,1.0409594937480735,5.001493018065718
lc4978491.mxl,Robert Schumann,0.6300946136861385,0.2675304048655425,5.201210744752508,0.3355890173950129,0.1545777028189582,5.178701224504183,2.3725961538461537,1.3221918684170932,5.838129399611411,0.08173076923076923,1.0552309647907678,5.184129428208974
lc4978492.mxl,Johannes Brahms,0.7300959153777046,0.16908336164078158,5.378715764366023,0.3820902401772629,0.1213760366505237,5.349702655715763,3.7355555555555555,2.204808437691035,5.926770876673569,-0.09777777777777778,1.1428014095757824,5.175113345355575
lc4978494.mxl,Robert Schumann,0.5319872954697004,0.33535860848016796,5.122367780866044,0.46147313646460664,0.11396926459300462,5.407149306179305,1.980603448275862,2.0713696072027514,5.43858441560281,0.17672413793103448,0.8087727781390393,5.374131383945262
lc4978496.mxl,Robert Schumann,0.4355312874868734,0.3417901698243715,5.071584156469466,0.34540534128340794,0.17262027168690186,5.3234858335762905,2.9959349593495936,2.273026647910485,5.152229312859033,-0.032520325203252036,0.8735960569537259,5.376039106506489
lc4978501.mxl,Robert Schumann,0.45092759332380106,0.35750678932427465,4.552148631834992,0.4206680769991189,0.14699078362390436,4.919912551067125,1.5165562913907285,2.0854408736667067,4.693848907576896,0.033112582781456956,0.5569217494471163,4.971456345505781
lc4978506.mxl,Franz Schubert,0.6680520555827625,0.2159314746412524,6.427832902714344,0.2636307504866048,0.14396165901983865,6.280409205004297,2.247005988023952,0.7554631485561815,7.14314489272275,-0.05389221556886228,1.1774197153043202,6.257214636680134
lc4981984.mxl,Franz Schubert,0.6461190591869228,0.306851532067532,4.708364262170053,0.4164373522906166,0.1871911655352615,4.73137581097599,2.8470149253731343,2.9325296068922513,4.927967900994874,-0.08955223880597014,1.0752485763777837,4.724003238993948
lc4982465.mxl,Franz Schubert,0.6109790866070356,0.27559308665342297,5.157973781295309,0.3222398222846444,0.14357185860933258,5.171808708698622,3.1470588235294117,1.817113951899234,5.126638514659172,-0.0196078431372549,0.9849892221652086,5.1528113854474125
lc4982491.mxl,Franz Schubert,0.6562218522101262,0.261936084492324,4.988508383223499,0.3713984221802401,0.11254623508496803,5.0512326175906175,2.5225225225225225,1.9978074175758196,5.395351267508085,-0.10778443113772455,0.9728650208223372,4.952834081333601
lc4982505.mxl,Franz Schubert,0.33043655904789637,0.36339202209552257,5.2664700553601325,0.36253266001542617,0.1758417316468072,5.818021258192177,1.1519607843137254,1.9676167724351232,5.431694289579487,-0.058823529411764705,0.9243283667844697,5.86036480898775
lc4982535.mxl,Franz Schubert,0.7505947954499772,0.15580250903600576,5.0611590052157345,0.33678483968423034,0.1112407397989924,5.0089656757737036,3.799382716049383,0.5269287807172603,5.7662404686009445,-0.11728395061728394,1.1620851973034507,4.8405881258646275
lc4985922.mxl,Franz Schubert,0.5889355325364655,0.28161095354327115,5.413642408640193,0.3767247401367035,0.12519035744280024,5.521650170637834,2.5205992509363297,1.3747818405343843,5.391055286009353,0.0449438202247191,1.2974487702605348,5.3338661313405265
lc4985924.mxl,Franz Schubert,0.41738484883183774,0.3758504572226923,5.723348625161965,0.30108680882435296,0.1891196787394809,5.986192869965275,2.352059925093633,2.0008484782994196,5.834217715408848,-0.035580524344569285,0.9946711669728924,6.121572349925662
lc4985925.mxl,Franz Schubert,0.7953694275819958,0.11120942994035585,4.385661286965522,0.30110543893112013,0.11693651780998664,4.311414583467159,2.8181818181818183,1.0575714161584937,5.034312447546887,-0.25301204819277107,1.1390481493781677,4.14223987141617
lc4985927.mxl,Franz Schubert,0.5591782740041751,0.32136729241043394,5.001289767600481,0.3179923001166414,0.1578870010281741,5.057872607571604,2.3489583333333335,0.9618227911612525,5.147539389037439,0.057291666666666664,1.0061524064129428,5.102603111913132
lc4985930.mxl,Franz Schubert,0.641043337210721,0.2596064925670789,4.830565378687665,0.3594303915423607,0.15223523128222471,4.816141596653758,2.5454545454545454,2.1458278684323395,5.25397417707507,0.15384615384615385,1.0330733042024833,4.827350184091369
lc4985931.mxl,Franz Schubert,0.6820295698768815,0.15439738940834863,4.5794340145852885,0.43643546531634764,0.07550651331605394,4.555807125143589,2.6633663366336635,2.3177200632388812,4.845377406787155,-0.0891089108910891,1.0157084042164088,4.4247244067371
lc4985932.mxl,Franz Schubert,0.4701383682881525,0.38158324438982977,4.356858987706496,0.3407601853462464,0.14213879716410918,4.7178122888521425,1.746031746031746,1.3912225292800273,4.520432386532425,-0.0873015873015873,1.0314102017544693,4.6563592165654155
lc4985934.mxl,Franz Schubert,0.6623427833511565,0.20435757512977493,4.778131099772832,0.32351291911589264,0.15096930788648888,4.680420958812945,4.62890625,3.1035174687297857,5.327151932336456,0.171875,1.305692913504167,4.623883097767152
lc4985935.mxl,Franz Schubert,0.5510556670698402,0.26168912129588895,3.78264341194067,0.38551684893406757,0.12105684301232988,3.882530682572755,3.6538461538461537,2.755306875164972,4.395047898820712,-0.019230769230769232,0.909149742582524,3.82539780703339
lc4985937.mxl,Franz Schubert,0.44060072062013833,0.3406767084887945,5.450807097529287,0.2919155439057697,0.16023365758722272,5.651971210381455,2.463888888888889,1.7332776878532408,5.571850008852461,-0.044444444444444446,0.7840225494363611,5.786756624775177
lc4985938.mxl,Franz Schubert,0.5659680585841127,0.260750991464479,5.875750522227593,0.3492642504317481,0.10961276123485787,5.9628104063123555,1.8507281553398058,1.0466309583581428,6.560990213818135,-0.0825242718446602,1.131192959466598,5.80088540593913
lc4985940.mxl,Franz Schubert,0.6734000724098322,0.2498559645545781,3.5803990049011603,0.3708648045578702,0.14805037815877292,3.572258417701562,2.9,1.9209372712298547,4.06168436036314,0.125,1.1442792491345808,3.512699720313453
lc4985946.mxl,Franz Schubert,0.5742888029221478,0.34572569420997024,5.489659707706457,0.4435880855768337,0.10430739687282414,5.741499228881629,1.5771604938271604,2.05185175899927,5.558121689663043,-0.043209876543209874,0.9450897496873947,5.637396736472105
lc4985949.mxl,Franz Schubert,0.737883507660339,0.15552744090906148,4.704665293526022,0.4107206106448083,0.08014907439604989,4.71168371344433,3.258771929824561,2.8667271944908044,4.973640903144519,0.2894736842105263,1.0819385153796244,4.601530432294723
lc4985951.mxl,Franz Schubert,0.7437227396598696,0.14826856816762982,4.404895686378888,0.3283405491648316,0.139947744416038,4.304405044017899,3.869047619047619,2.428892369082988,4.9048115454927705,0.03571428571428571,1.0628625831914016,4.266109224158854
lc4985962.mxl,Franz Schubert,0.704366102939132,0.16976958014460616,6.0011101556215944,0.37097607321231063,0.12727687474232915,5.94896945467273,2.5238095238095237,1.5520814785634718,6.5479760229333905,0.05952380952380952,0.9122341814545533,5.923057714111414
lc4985964.mxl,Franz Schubert,0.262187005410674,0.33351440753200523,4.312870553844969,0.3799428351953483,0.11396258886129684,5.189839336794344,0.9417989417989417,2.052691855529099,4.208338766797971,0.026455026455026454,0.7930509196797476,5.14981420711986
lc4985965.mxl,Franz Schubert,0.5211928130710838,0.31756592862840777,4.897245702820225,0.39621537281690455,0.09274583897730197,4.893334285688036,2.158333333333333,2.6551705322927104,5.0955690090391705,-0.07777777777777778,0.915639154759338,5.064085305897345
lc4985973.mxl,Franz Schubert,0.5532556758880046,0.3651429248189203,4.451005943580892,0.3469373981733206,0.1875702320680457,4.55149932198605,3.175,3.1653396342256856,4.900603408455706,-0.05,0.7942501704962569,4.685825735888969
lc4985984.mxl,Franz Schubert,0.2886338045166251,0.3523338486539741,4.159539987479416,0.25709255173875317,0.2008110034113003,4.511801118566024,1.2395833333333333,1.9404938786441857,4.528181349240679,-0.027777777777777776,0.7988224358082447,4.872103268426767
lc4985985.mxl,Franz Schubert,0.4999199364292571,0.3126383235213949,4.833935799909979,0.22708484586125224,0.13938969035437926,4.849577574221739,2.5089285714285716,2.485657198646602,5.265841377104787,-0.047619047619047616,1.1223355951802547,4.903209902427239
lc4985987.mxl,Franz Schubert,0.5383800132015464,0.3218190062112009,5.582730034712821,0.35657441645539195,0.1462057254068428,5.736106034510799,2.1994301994301995,2.1014442774900517,5.99042992920492,0.03133903133903134,0.8000271908756428,5.766471833896414
lc4985990.mxl,Franz Schubert,0.7120832222849759,0.1941122759823506,5.586160646026851,0.4117766745511696,0.1389714969640604,5.54723899518627,5.113475177304965,2.0311133046868735,6.255724828725084,-0.024822695035460994,1.059951559736803,5.455027643252723
lc4985999.mxl,Franz Schubert,0.6586991568470524,0.23012223376892502,5.230875342052261,0.314495479724473,0.12876619213801677,5.209952403304065,2.3106796116504853,1.1681794500197276,5.835555979573346,0.0048543689320388345,1.0680604543430106,5.1500788527644055
lc4986000.mxl,Franz Schubert,0.49830497397477447,0.3304380722314735,5.988041553353694,0.3171133599019718,0.1581508895236375,6.118971512030676,2.228643216080402,2.218692554546417,6.170790929825763,-0.021778584392014518,0.732619119960414,6.224208253949193
lc4987618.mxl,Robert Schumann,0.734205697489508,0.2062754487106099,4.021821800059851,0.4553778166847231,0.11732033869405464,4.051347571124698,3.95,3.6670833096617805,4.245147668884023,0.08333333333333333,0.7808471183414984,3.77961809389004
lc4987626.mxl,Robert Schumann,0.6746828011246672,0.17846723318670404,5.325764126998008,0.3745619592089754,0.13890217126849205,5.2708453019309,2.2152777777777777,1.5115138096999245,5.788992513987896,0.09722222222222222,0.7231564470524897,5.3089012395046336
lc4987633.mxl,Robert Schumann,0.28214985919481245,0.3491833386683597,4.5836818708917,0.2299507420025855,0.22151920729982919,4.823724575322109,1.9700854700854702,2.019975668689248,4.80969283851255,-0.05555555555555555,0.8825898607497118,5.3142101326731135
lc4987640.mxl,Robert Schumann,0.6477901949837718,0.2921279092484991,5.151808944623822,0.3721461432355201,0.17363877808214934,5.141918313573994,5.715686274509804,3.549033149145437,5.120617313575808,-0.024509803921568627,0.7948284158786704,5.205087179712997
lc4987650.mxl,Robert Schumann,0.6964492465052511,0.18424418262403297,4.734401333176671,0.2591944873542978,0.12067980505312666,4.619002207372128,3.441666666666667,2.499319351788047,5.198062318323717,-0.06666666666666667,0.7608474807008886,4.70353155769449
lc4987658.mxl,Robert Schumann,0.32560047237327566,0.3695077547614994,4.248633677380526,0.3876955573496254,0.1249535648181876,4.985312344766947,0.9551282051282052,1.6460634810247887,4.430587924520081,0.05128205128205128,0.8148845426702925,4.955423515664188
lc4987661.mxl,Robert Schumann,0.6573087156582079,0.22027367639196072,4.288261634599222,0.24852337274629668,0.15072457981706774,4.088818321750962,3.519230769230769,2.1106298544849116,4.845010194285148,0.2564102564102564,0.9396657539389073,4.2625819972344585
lc4987664.mxl,Robert Schumann,0.6215535559958758,0.2316966664286745,4.324572147673579,0.40727894430433204,0.09503643430980106,4.396801918149299,2.7976190476190474,1.5907452723619675,4.935385152646687,-0.03571428571428571,0.9933880047046856,4.29509119027867
lc4987672.mxl,Robert Schumann,0.49743351482387665,0.3369349955150476,4.737732302749372,0.3755895528360281,0.14245941258357192,4.976336206458543,1.7608695652173914,1.352002146027344,5.473790453503135,-0.049689440993788817,0.8175196712433737,4.977188313668875
lc4987677.mxl,Robert Schumann,0.7388385864044281,0.17449706892813807,4.090686255737672,0.30808730695381864,0.16901778462727934,3.897898300511301,10.32258064516129,4.96852737820901,4.6868858406437175,0.016129032258064516,0.9586942646266825,3.9977879052753442
lc4988600.mxl,Franz Schubert,0.5402585575406889,0.3169000758309907,4.845680878057637,0.4315281578533055,0.08091265074505524,5.064178508190082,2.4732142857142856,2.517651334040502,5.155313875817272,0.023809523809523808,0.9694891938810635,4.9893147520459085
lc5000388.mxl,Clara Schumann,0.46602899500363265,0.362020941274764,4.6753142306544015,0.3821705756969235,0.16236183529448878,4.989431378469116,1.8520710059171597,1.9419105079775594,5.186386534593433,-0.023668639053254437,0.6244776536466817,5.069204189250412
lc5000397.mxl,Clara Schumann,0.5224212631242586,0.3172183202879759,4.818978996921923,0.4240180888235003,0.13505695637352227,5.031398837799452,2.326219512195122,1.6380521897072267,5.536458054079802,0.006097560975609756,0.7924718293024388,5.0159729277610925
lc5003122.mxl,Robert Schumann,0.38914513610924906,0.3770312568967668,5.0603819882650765,0.3988830676121668,0.13298296651852543,5.608871828300164,2.1245791245791246,2.0104027205906174,5.103172788586344,-0.010101010101010102,0.5534394962344535,5.641951083707674
lc5003150.mxl,Robert Schumann,0.6348964169195112,0.2155312018202276,4.022070514354172,0.24063313918066018,0.17123066863865957,3.724566381287772,2.325,1.5392774278862142,4.5726795676574366,0.08333333333333333,0.842450130406674,3.995069520653397
lc5004701.mxl,Johannes Brahms,0.47732091240039576,0.33045620131928205,4.851824271285681,0.32318576006573424,0.17709286805975682,4.991716251073756,1.6555555555555554,1.4844461077834992,5.463395873222128,0.027624309392265192,0.9249813450501699,5.085451269253564
lc5004731.mxl,Franz Schubert,0.7316822926251321,0.14123546026633824,3.550260755912574,0.34123147939392073,0.08507380737388369,3.390819354437469,3.0375,1.2292655327470952,4.2961490493525964,-0.4,1.0677078252031311,3.4493843998572853
lc5004835.mxl,Franz Schubert,0.690724766431189,0.16324595135308093,5.140794651787681,0.35361436292179743,0.12800642479272714,5.0775814962661245,2.7824858757062145,1.0606620526414146,5.79734274744444,-0.0903954802259887,0.9873598658099995,5.0036785114874265
lc5007176.mxl,Franz Schubert,0.4761866539524681,0.3573515164357579,5.906046975306247,0.39715151832412565,0.16011660214206022,6.206198372712008,3.2358156028368796,2.5108405125520945,5.951266940410836,0.0070921985815602835,0.7365479564893528,6.245725720511988
lc5007178.mxl,Franz Schubert,0.4283671117145269,0.3470214229074223,4.444345317233667,0.35769782478511714,0.22697003261269777,4.573452650801887,1.260377358490566,1.9043485116508965,4.516076837282667,0.03759398496240601,0.9764598867028584,4.750241831928296
lc5007179.mxl,Franz Schubert,0.7330452136934777,0.14187895682236085,4.4289547468293575,0.16129087253528607,0.14871532369944496,3.8564288440270014,3.5,0.9614669025250754,5.102261385853394,-0.11627906976744186,0.9075728512133888,4.309673244008099
lc5007180.mxl,Franz Schubert,0.4766275427684043,0.32951399436047946,4.611399053704018,0.22938491053656443,0.19781894812709724,4.431715969173863,2.03886925795053,1.7193272969191327,5.235517319531834,-0.07042253521126761,1.0918899968064397,4.74719056090094
lc5007181.mxl,Franz Schubert,0.3674987994540802,0.36088009635143414,5.721501146365789,0.2763327407830479,0.21825313435673344,5.907065612377366,2.552721088435374,2.378105075925013,5.820062731591147,-0.00510204081632653,0.645477060666121,6.304965911340485
lc5007182.mxl,Franz Schubert,0.48167281610204155,0.3498444118278798,3.976328568498424,0.15643329775362974,0.20409390311985334,3.366959216411959,3.2960526315789473,3.0967699976398877,4.608738232580313,-0.2894736842105263,1.144963679884584,4.016835585134972
lc5009833.mxl,Franz Schubert,0.43324664795864987,0.2752301844617009,5.27169042296778,0.30732573328127766,0.14067449963930392,5.397569947827143,2.72972972972973,1.4480463220809634,5.350480258721499,0.03088803088803089,0.7552976241035262,5.464885536748154
lc5009900.mxl,Franz Schubert,0.5820496619980036,0.30153636155278307,4.9051583945094155,0.36711431843546316,0.15863459181422046,4.960703318397237,2.6786786786786787,1.5389035317185389,5.59890584266172,-0.08383233532934131,0.8435253486438483,4.988361030708296
lc5013945.mxl,Franz Schubert,0.694227271047344,0.2487906384431613,4.709905423849232,0.4282405704082866,0.1042623716673591,4.778756296202421,3.1975806451612905,2.2942060159227977,5.144423108034622,0.016129032258064516,0.8130376232986168,4.713632779419946
lc5013969.mxl,Franz Schubert,0.6992407642772444,0.2665060309129645,4.410290399011528,0.3469693459090078,0.17231702176532457,4.315498025060725,3.619565217391304,3.1289058766407667,4.754934209935501,-0.043478260869565216,1.0416650913661687,4.33588642836974
lc5014002.mxl,Franz Schubert,0.7235498677996982,0.21392392399271598,4.500420061695678,0.404115879546804,0.11854547281579456,4.501363092123099,2.3626943005181347,2.4564722577672136,4.566611450520014,0.1134020618556701,0.6238604235219493,4.393194431506426
lc5014023.mxl,Franz Schubert,0.5486119467324936,0.3539912127844452,4.898994970945161,0.39057317959818716,0.12856883201793692,4.858317450671241,1.169398907103825,1.4835134670751529,5.078094640825719,-0.04371584699453552,1.0392574935194379,5.027595391111132
lc5015410.mxl,Franz Schubert,0.6013114527521782,0.2904693718344916,4.810210791761948,0.1664710563139818,0.1733607208157637,4.291292885941658,3.3277027027027026,2.4872735791545453,5.435874966701613,-0.02027027027027027,0.9548566794578821,4.841281121437716
lc5015435.mxl,Franz Schubert,0.23472348142428873,0.3194377153255156,4.868536529900948,0.14915469490148367,0.2057022309647389,4.690287387097857,2.0681818181818183,1.7428594412278962,5.306645851887563,-0.032467532467532464,1.068551824757514,5.541938108066158
lc5015499.mxl,Franz Schubert,0.5874050688333482,0.32969881518535266,5.151732724690753,0.34685437226516574,0.19069613791809809,5.153671067454357,1.748868778280543,1.7470883563410033,5.449659302523626,0.03619909502262444,0.828536318425093,5.3015278523695315
lc5015521.mxl,Franz Schubert,0.6888752168602102,0.22207236246646078,5.261939280548266,0.335304079153492,0.1429672911152652,5.193725706637959,3.9830917874396135,2.456816231712495,5.836603377393736,0.009615384615384616,1.2557191649814758,5.08914363192041
lc5015573.mxl,Franz Schubert,0.6772784709726974,0.1409698608067819,6.051610121021903,0.31597427711955456,0.11410406549668373,5.9884639892307305,2.217889908256881,0.7931768355587322,6.704795080727889,0.0481651376146789,0.9767815200274741,5.951480928060589
lc5016512.mxl,Franz Schubert,0.5380599211335305,0.3560749230395285,4.216836637214058,0.4381972123786843,0.0636979349475627,4.5115483865914765,2.4322916666666665,3.5186406818917857,4.234134979197389,-0.010416666666666666,1.103920963228598,4.372124121264024
lc5023438.mxl,Franz Schubert,0.4949924395912429,0.3503586792694162,4.483022464529343,0.3150264947016615,0.18651521913505206,4.584602058506537,3.8372093023255816,3.425374302354605,4.368755905481338,0.20155038759689922,1.0296371375674,4.72188344758751
lc5023517.mxl,Franz Schubert,0.7046112573329666,0.2303239542524557,4.819920263874599,0.33753096186563175,0.12586859842006665,4.7966551325510665,2.41044776119403,1.3752214832048406,5.439986117705299,0.03731343283582089,1.017802112675066,4.726945697957007
lc5023603.mxl,Franz Schubert,0.42326132647469983,0.35693903153283063,5.470263863524144,0.2789960844647406,0.195756689361921,5.607593778159403,2.291938997821351,1.652146009396833,5.82475164323288,-0.005141388174807198,0.9376304943951358,5.8233080801474415
lc5023662.mxl,Franz Schubert,0.6040564665173872,0.28732086310177385,4.401886487910566,0.29614006813549915,0.1675302399162112,4.313189641928832,3.1927083333333335,3.3941354075715005,4.846259349167083,0.17708333333333334,0.9353563454938207,4.45575817408458
lc5025982.mxl,Franz Schubert,0.5023219433877809,0.3295749452375928,3.89855229572445,0.41415874492089205,0.1447662463735774,4.145041415382097,1.5147058823529411,1.7739342041219097,4.204057033582515,-0.13043478260869565,0.9154557505712324,4.080588434814421
lc5025985.mxl,Franz Schubert,0.5080846191417242,0.3147998969459741,5.0859382703502245,0.39106729512423516,0.10522771425757925,5.333089412888515,2.552995391705069,1.2212416303886926,5.248187383245887,0.055299539170506916,0.8406065550079707,5.267055954952587
lc5026236.mxl,Franz Schubert,0.6500662530100908,0.2316847208518328,5.125798634295755,0.25864459608388785,0.17321364747439835,4.8865840828978175,2.239247311827957,1.5377918371924675,5.639867647245036,0.22043010752688172,1.087471086233842,5.075722852233382
lc5033057.mxl,Johannes Brahms,0.6715701968026626,0.23240936418797425,4.740037659168018,0.41137811673569985,0.13036253137094367,4.758428869622258,2.4484126984126986,1.6883463369491296,5.249710153525344,0.07142857142857142,1.0478895754602566,4.687919742426826
lc5033075.mxl,Johannes Brahms,0.6774079467708581,0.16537262089429125,5.600812340637898,0.2823858429623451,0.15787610233063504,5.395306136385248,2.255357142857143,0.9377822704309854,6.237067101472888,0.06785714285714285,1.1583712615529778,5.4400405910028145
lc5033089.mxl,Johannes Brahms,0.5661598406952549,0.3201278773321444,4.676740065485427,0.4237417225309069,0.10205965003828552,4.768951796816936,2.067857142857143,1.2417020494433586,5.449020063407444,0.1,1.016295794961852,4.791674372434696
lc5057822.mxl,Johannes Brahms,0.4970974530609917,0.3319564114913765,5.309126590993854,0.38265666268528536,0.16276084197609011,5.503944824220746,3.9893617021276597,2.7476412095994815,5.328485738402575,-0.07801418439716312,1.0489503161524143,5.44300054061575
lc5057985.mxl,Johannes Brahms,0.6821132595093962,0.18399433967428452,5.479941815562264,0.3880644617620418,0.1421912024433625,5.436113490360736,1.6984126984126984,1.6367303899428762,5.661520531468041,-0.011904761904761904,1.0671209704306628,5.344767515461541
lc5058091.mxl,Johannes Brahms,0.5160975190730568,0.3424576100587946,6.105368983480013,0.3012491109585091,0.16182216966876087,6.226951573670465,1.432108626198083,1.1833608232659236,6.7599450937263175,0.03514376996805112,0.9263853601823748,6.313951270276939
lc5058194.mxl,Johannes Brahms,0.45943484412975827,0.36752081967343864,4.839627856793862,0.2546876710182332,0.15104815418608838,5.027003438374202,1.2675,0.8099035436396116,5.801246704892109,-0.02,0.8772684879784524,5.184892443511393
lc5058636.mxl,Johannes Brahms,0.556306008297644,0.3082495294846171,5.0385033684331955,0.3108945039787342,0.1691346154611294,5.051921736418351,1.3418367346938775,1.010397322272107,5.679112452193012,-0.05612244897959184,0.9593329236900167,5.122124484857802
lc5058657.mxl,Johannes Brahms,0.47813715039562,0.3593389529105515,4.339317472598568,0.3546397803700747,0.14086720881454143,4.64231534464874,1.9224137931034482,1.4689361742253066,5.186473792094324,-0.017241379310344827,0.8507882614810571,4.639394292780402
lc5067672.mxl,Johannes Brahms,0.4029700154994331,0.3335328788142676,5.700976433071179,0.24108674619523782,0.19070023361350352,5.683238468196487,1.8308189655172413,1.5586378397505873,6.3919273825181655,-0.03017241379310345,1.1758870333076517,5.90060141275843
lc5067677.mxl,Johannes Brahms,0.2611072962779163,0.35358623006887946,4.199721832872898,0.4007537645078162,0.036301218390159005,5.183884189290342,0.723404255319149,1.558465252407193,4.202171177900537,-0.015957446808510637,0.8020987352988092,5.129723178747328
lc5067692.mxl,Johannes Brahms,0.30052708861042304,0.35246613839612556,4.9283896641611715,0.37964887970035993,0.12803866203190392,5.675620158966771,1.8222222222222222,1.53275811616862,5.370357651179786,0.0380952380952381,0.5087889672073554,5.712197350659519
lc5069022.mxl,Johannes Brahms,0.5307008563271295,0.32015271353581765,4.712483641955044,0.3958933920218358,0.12391391707836524,4.920568091103256,3.061224489795918,1.8228500141520496,4.756216780313895,-0.05442176870748299,0.9882459753651635,4.824368244903337
lc5069028.mxl,Johannes Brahms,0.4989026092265138,0.3515243267900371,3.807437806612344,0.2894930373073967,0.1531319306872858,3.9837513532832416,1.371212121212121,1.0688800640709077,4.579306587267059,-0.030303030303030304,1.07265878911684,3.9943053010716
lc5069033.mxl,Johannes Brahms,0.5412459257870146,0.2722368026505276,5.176602187025422,0.3338660785864612,0.13161749036172468,5.258540493822656,1.5,0.7391185942027817,5.918144034172872,-0.05092592592592592,1.1353736022716285,5.164488767419932
lc5069048.mxl,Johannes Brahms,0.6253780337798334,0.23046216186184293,4.786419585393608,0.27837164796746555,0.13694248601406064,4.696898034928221,2.768939393939394,1.877806286833751,5.298519178308,0.07575757575757576,1.0489620564043014,4.715494698044766
lc5069058.mxl,Johannes Brahms,0.6269287121531735,0.2472515657289748,5.479090504992055,0.2835495388575951,0.17058972238006448,5.315400050105841,2.985074626865672,1.6949665370133447,6.100444523517504,-0.11567164179104478,1.0814138394624357,5.3764059202767
lc5069066.mxl,Johannes Brahms,0.5415916756194159,0.30869613942692675,3.960939348712941,0.31195533688084587,0.15863065888919486,4.015403279156587,1.7352941176470589,1.0090421646122614,4.738089819530284,0.014705882352941176,1.064019115524102,4.047074246623874
lc5071622.mxl,Johannes Brahms,0.5853202484059424,0.2921970066899183,4.14311069059288,0.39029884330202286,0.08559787830434169,4.190407207871979,1.9736842105263157,2.2359131197844824,4.2309734881194405,-0.15789473684210525,1.1703871556808993,4.067443096164048
lc5071629.mxl,Johannes Brahms,0.4720077862352485,0.3514806195075454,5.156417693582892,0.4091808018774948,0.10781104156258318,5.534396386764458,2.9318181818181817,1.8451130449813449,5.294784490088846,-0.09090909090909091,0.8389617090852803,5.449608377062722
lc5071636.mxl,Johannes Brahms,0.40363898097400697,0.34776216906372226,5.219330913640464,0.3186789331507715,0.1434291362876081,5.589691797971007,1.0528846153846154,1.3212118124483512,5.576146523441219,-0.060897435897435896,0.8582983849954124,5.6168539689412516
lc5071644.mxl,Johannes Brahms,0.3844153330415827,0.34834715348335404,5.216824590068645,0.3933179329728658,0.1226489608484947,5.698983163057581,1.89937106918239,1.0827112982644187,5.58779070159067,-0.04716981132075472,0.9287383286554943,5.628732892800413
lc5071654.mxl,Johannes Brahms,0.6340605005994342,0.24688643941581837,5.408232325430667,0.31650709072950506,0.17094769661827097,5.31403724752489,1.7916666666666667,1.1435854574157098,5.989210288160047,-0.06746031746031746,1.0348168586590472,5.360866557159289
lc5071668.mxl,Johannes Brahms,0.6500273594956737,0.29775802912174554,4.7970747372397256,0.3817245434931425,0.0917555612496591,4.817857225222978,2.6805555555555554,2.0654323524311167,5.251290721424276,-0.020833333333333332,1.0169996039549103,4.8130834458895455
lc5071678.mxl,Johannes Brahms,0.6802575297450681,0.19852018239550726,4.959187784153563,0.41102745740341595,0.13281467659150414,4.958475021049111,3.2450980392156863,2.1531384959043334,5.502329196929752,0.0457516339869281,1.1678697957747477,4.832059458160572
lc5071686.mxl,Johannes Brahms,0.39809166693616616,0.38579547928960134,4.780158701720714,0.33611125456644697,0.1651052484524852,5.254154579148006,1.8991228070175439,1.7253016829526189,4.917166684904533,-0.05263157894736842,0.6467476698655005,5.366740588953766
lc5071689.mxl,Johannes Brahms,0.5013079948302512,0.3229068130467768,5.4469950517664785,0.3711463446733863,0.11078277474936103,5.707853151690326,2.5377358490566038,1.2947003366303802,5.611940694845455,-0.012578616352201259,0.9110600735714123,5.623089651044743
lc5071694.mxl,Johannes Brahms,0.5352861900427709,0.31302710859903354,4.764913082976486,0.3805462823754247,0.15367737910461302,4.904985304061199,3.261437908496732,1.751829078980492,4.855776308057203,-0.0457516339869281,1.0311480325887787,4.8535444974192625
lc5071703.mxl,Johannes Brahms,0.7168775608032805,0.15703208123141277,4.36316236480743,0.2652599080883988,0.15634065810799017,4.127625330155659,3.19375,1.175249308657529,4.999126957754331,-0.06172839506172839,1.0464009926131896,4.217232644825285
lc5077744.mxl,Franz Schubert,0.769649010754306,0.10782307834613583,4.9973218919278555,0.3689576071561347,0.11105409555658351,4.951802419966197,5.1466666666666665,1.9472601834942915,5.632098079596542,-0.02666666666666667,0.9794329425177045,4.854667054553646
lc5080752.mxl,Robert Schumann,0.7024850916400008,0.20629089772874076,4.657923665210534,0.2669762646849008,0.16759876821830294,4.427572404301337,2.4285714285714284,1.7587246074635903,5.1518888071381,0.017857142857142856,0.8343318847302618,4.62368092437706
lc5084888.mxl,Johannes Brahms,0.5771716946648079,0.27035469832572806,5.383478708829776,0.35823688493282874,0.14006359572437227,5.419250060148077,2.02755905511811,1.3248192368364904,5.9831807605722815,0.015748031496062992,0.9047925935258724,5.416075516660695
lc5084966.mxl,Johannes Brahms,0.48424260908724603,0.3526656666246807,5.025278925169502,0.338073915562608,0.17454331395280812,5.225513157359258,1.7763157894736843,1.1250577085845106,5.86794798617532,0.10087719298245613,0.9971006753825119,5.278602958145125
lc5087729.mxl,Johannes Brahms,0.6807668812491836,0.2153089853686127,5.115800105330832,0.3134035671642567,0.15088598700330044,5.01346131227687,2.416201117318436,1.657036826190265,5.621329868853113,-0.46368715083798884,1.094715509790922,4.88828715036654
lc5093434.mxl,Franz Schubert,0.5205662876766839,0.3554833651816883,4.9308659965711055,0.4055442283758845,0.09502965449080383,5.260229277356561,2.2925,2.187908533280128,5.397022439634655,0.005,0.7648365838530476,5.2103709640504725
lc5093748.mxl,Franz Schubert,0.568121151589708,0.3308578636540299,4.670191044565257,0.4073336129734441,0.11031489382729807,4.891508367081331,3.5886524822695036,2.558731184863808,5.251659583823483,-0.1773049645390071,0.9696360942248284,4.771394988041908
lc5093803.mxl,Franz Schubert,0.4454244368661895,0.3861710139450217,5.084513784293635,0.3542727545597585,0.15049909859375668,5.485649229792971,2.619565217391304,2.533152892953764,5.181689005642465,0.014492753623188406,0.7321351269747878,5.538325961069594
lc5098612.mxl,Franz Schubert,0.520476603489352,0.360202264894447,5.685967934757796,0.4624927211467335,0.07456854876793222,5.852728503134939,3.0439814814814814,2.1192265534487458,5.70502611956164,-0.04398148148148148,0.8390972219029285,5.952161715150844
lc5098625.mxl,Johannes Brahms,0.5166159134350604,0.34423755274297596,3.6515804656749236,0.3999215629589113,0.059399698051010086,3.9872175951979063,1.5,2.0615528128088303,3.6619359628346824,-0.09090909090909091,0.9774312767793173,3.8137061325311
lc5098632.mxl,Johannes Brahms,0.5149863481066257,0.2932124007767302,4.349181054968965,0.33341668951453945,0.15341126172081435,4.415920542149791,1.6717171717171717,1.2384040237615381,5.038919709600492,-0.08080808080808081,0.7872310209454026,4.501837362555749
lc5098641.mxl,Johannes Brahms,0.6537193765533653,0.2389257604875587,5.052243982995469,0.34829939131450083,0.14984870769529368,5.012711719740258,2.2005813953488373,1.4276748495133396,5.603081305204094,-0.11627906976744186,1.0163615527168446,4.968192027243831
lc5098645.mxl,Johannes Brahms,0.5508589006996819,0.3264521550730798,5.061360446681147,0.33869617780883493,0.17708144678605836,5.126827371438308,1.3567961165048543,1.2233081946157496,5.568277576234104,-0.03398058252427184,0.9723411241734478,5.170164761588406
lc5098657.mxl,Johannes Brahms,0.5385676064085452,0.3184101467873798,5.455258987855334,0.36327178259587295,0.13967815364480146,5.6084818622002235,1.774671052631579,1.4407885349071683,6.025109993824584,-0.10197368421052631,1.0940010099784163,5.512083659286888
lc5098659.mxl,Johannes Brahms,0.6884132981607671,0.21688487996630842,6.179399176638592,0.3636242283275165,0.14520267270639026,6.144001673005254,2.467432950191571,1.3289773386243726,6.77113811155159,-0.01532567049808429,1.1071669989981308,6.051723909806402
lc5098666.mxl,Johannes Brahms,0.4883180449716864,0.30767057279696736,3.97486942059445,0.3444881193123526,0.10691871137741235,4.213682338772701,2.375,1.2183492931011204,4.09971234001072,-0.06944444444444445,1.0843122357934354,4.076571653046868
lc5098672.mxl,Johannes Brahms,0.5997444318232665,0.2449302311062675,4.5966185987304184,0.36226874495676215,0.13669030301597188,4.618850537734923,2.40625,1.7191557962516704,5.154816277381139,-0.09821428571428571,1.1177130783480185,4.494683237018363
lc5098678.mxl,Johannes Brahms,0.3923967552315698,0.3380435591261708,5.4455756022888036,0.3457148123092474,0.1428091812154999,5.820571066529448,2.24031007751938,1.4074838388291038,5.726041764106471,0.041343669250646,0.7212867150463115,5.868918974270052
lc5098685.mxl,Johannes Brahms,0.3000585485793846,0.3387539119962307,4.53147072634469,0.2972747269409935,0.1776416395535991,4.990869206955436,1.117948717948718,1.5446967663377347,5.047349234007148,0.041025641025641026,0.8463247690615896,5.16034794126394
lc5098690.mxl,Johannes Brahms,0.4227667250094183,0.3179267672917926,5.695735825359952,0.3581824582883246,0.18726378158240445,5.861949118449631,2.9635535307517085,1.8883510882661283,5.80449485645586,-0.07061503416856492,0.773730032940561,5.981737543150851
lc5098700.mxl,Johannes Brahms,0.4355359149778816,0.39060623731861654,5.166740660783898,0.3910115483850126,0.14428828334115895,5.623396089618188,2.2091503267973858,1.8913411044759445,5.318039018749118,-0.0392156862745098,0.7616833176296091,5.640176228294699
lc5098705.mxl,Johannes Brahms,0.7081750770275861,0.15812052917514632,4.991501422890186,0.34661546171063506,0.14592068404774514,4.888383421735095,2.575657894736842,1.3231987115820547,5.57893083433356,0.019736842105263157,1.1089966704000733,4.837182956560502
lc5098709.mxl,Johannes Brahms,0.38484409385841856,0.37204342176391797,4.4614590947201265,0.3609759878590745,0.13558985088616535,4.990794813656808,1.1189024390243902,1.612038178221233,4.794820627182757,-0.018292682926829267,0.599517702250996,5.035665603121035
lc5098713.mxl,Johannes Brahms,0.6793880158508894,0.20312828657151488,4.9060747120995,0.38450735546845355,0.16367032233512316,4.840014076049799,3.9034482758620688,2.9972956498887218,5.396005743093855,-0.06206896551724138,1.0968336224075907,4.776116887106479
lc5098715.mxl,Johannes Brahms,0.5078636979403802,0.34368222069483007,6.091209410267878,0.33523931685584063,0.12826482381452767,6.3339356574019,2.4711538461538463,1.5727450123167641,6.243315909578898,-0.04006410256410257,0.9607675862898478,6.285160490905053
lc5098719.mxl,Johannes Brahms,0.5127259322403037,0.3538561856708872,4.778357405452553,0.4016744631454365,0.14179070829016968,5.062780991811405,2.511627906976744,1.9484292185466519,5.553925145461507,0.046511627906976744,0.9989177486006758,5.005441049136981
lc5098725.mxl,Johannes Brahms,0.5325191593425095,0.3298712627384369,5.201729822484337,0.2725739235693894,0.1614083453166357,5.22788722673541,1.4732510288065843,0.9264653207122654,5.972717912009315,-0.00823045267489712,1.0142676392407017,5.331292285063553
lc5098728.mxl,Johannes Brahms,0.5532780385301287,0.3284127465902154,5.210751801277188,0.3782901969815279,0.14086568044266332,5.3831491661574,1.6729166666666666,1.0951102652498312,5.943542385762761,-0.0625,1.1727149767384515,5.233186886210271
lc5098732.mxl,Johannes Brahms,0.5722086068121425,0.2676423888972989,4.8827368381376015,0.2656427054364732,0.1487460994237292,4.810522540636278,2.2211538461538463,1.1487735720850756,5.552758042743042,-0.03205128205128205,1.157029085659673,4.819629766776465
lc5103323.mxl,Franz Schubert,0.5370084728612945,0.36860379489712647,4.747490626347437,0.43348524540300887,0.10640874052063899,5.087464384716242,2.8720238095238093,2.2503286954417003,5.366042830949805,0.06547619047619048,1.0586372695502109,4.9646688495351246
lc5106861.mxl,Johannes Brahms,0.6487704870061106,0.23218974564865785,5.522617779307561,0.3007834258171377,0.1623820913279006,5.400691318044807,2.650735294117647,1.3142598187220313,6.171223459891523,0.022058823529411766,1.0394208778188336,5.451837120600268
lc5107106.mxl,Johannes Brahms,0.3291847303383279,0.35537846531236505,4.6777663522137765,0.427821893693416,0.10551202983749815,5.382394440573966,2.137777777777778,1.6175824057853043,5.1160601796762935,-0.06666666666666667,0.7774602526460401,5.3216169110595075
lc5123355.mxl,Johannes Brahms,0.7294926671558737,0.13684345559581973,4.621206857139358,0.34234121133469547,0.1014768635157333,4.591599004112053,3.236714975845411,1.9920142091818744,5.129345093257762,-0.09615384615384616,1.1971057305758395,4.39708831486802
lc5125680.mxl,Clara Schumann,0.41629006796030077,0.37707177116170104,4.745977632629554,0.4029542020610628,0.1941948948743988,5.13659963250312,2.1176470588235294,1.7866285351161695,4.843998407054874,-0.014705882352941176,0.7034783409884825,5.245217432687651
lc5126774.mxl,Clara Schumann,0.7054885297185399,0.18733981166783975,5.320665338880424,0.41066124361506406,0.13783912754136807,5.294189926018282,5.041570438799076,2.665861386730391,5.916976896044067,0.0,0.9406341620035447,5.2459127428478265
lc5126921.mxl,Clara Schumann,0.5921755823651363,0.2931783443722173,5.086725876273051,0.39910686010342855,0.16662599177912546,5.147966985576723,3.202020202020202,1.5372794937863838,5.125819152473667,0.0,0.8932971498777985,5.163424725957528
lc5130351.mxl,Clara Schumann,0.666679874529292,0.2508095047184863,4.4992476466414555,0.41629569645857645,0.14955683777188095,4.521675206352785,3.084577114427861,1.7754015579058613,5.072468456759296,-0.009900990099009901,0.8730854528732119,4.497778310123199
lc5130634.mxl,Clara Schumann,0.7109509607702456,0.21097419547311635,4.872669806389349,0.40054006771855344,0.13506197566916797,4.875281621652922,4.322695035460993,2.737728747379965,5.406794005097574,0.014184397163120567,0.8669324382686975,4.823194657269335
lc5133353.mxl,Franz Schubert,0.44090253298312304,0.31916576300643507,5.036201899222808,0.3879339926341959,0.14027557225308496,5.332093984574344,3.017543859649123,2.6307308574933237,5.022291732308644,-0.05263157894736842,0.9444399181540191,5.2780770935107695
lc5133602.mxl,Clara Schumann,0.7217452980712962,0.1673664653566891,4.664635631585777,0.467602652667266,0.0831341370683582,4.654584428570545,3.81981981981982,1.3062441737320691,5.318493157990915,0.05405405405405406,0.8035712836388383,4.631910921034328
lc5133647.mxl,Clara Schumann,0.49577619717052457,0.3631442024281124,4.504493393531128,0.3130815979696369,0.21236601037023076,4.561357141397576,1.7326007326007327,1.8590239802828965,4.928533294819818,0.1897810218978102,1.070731019235102,4.777661393661912
lc5133773.mxl,Clara Schumann,0.7363236054680431,0.15397107929883078,5.0199844828912985,0.21645740249381007,0.17853421275353182,4.569688137676815,2.6185897435897436,1.7953038628306925,5.446606229137075,-0.05128205128205128,0.8607902734151035,4.921142771040303
lc5134987.mxl,Clara Schumann,0.46257597990599075,0.35705193171854355,4.668665083939523,0.20277961182324183,0.14099176290467405,4.756182659316759,2.9404761904761907,1.564876310920683,4.953915550721014,0.03571428571428571,0.6977246791472668,5.046287619668303
lc5142672.mxl,Clara Schumann,0.6111948680891571,0.3299832695257639,3.9065066682831158,0.38476668528206875,0.1363406975612052,4.049523922745988,2.464,1.6470288400632211,4.517808863473799,0.1746031746031746,1.0471379366648026,4.002779169000784
lc5142714.mxl,Clara Schumann,0.4301564601373448,0.35422790859644643,5.116980032666103,0.3302420929359301,0.170643115359332,5.400334387862545,2.254612546125461,1.6740164643581694,5.229128390638215,-0.01845018450184502,0.8079579952306688,5.487564278300839
lc5142768.mxl,Clara Schumann,0.5103671308378114,0.3141365317569201,5.196779457129054,0.32051928327476875,0.14674101412883722,5.325101464689624,2.4833333333333334,1.5355961564016611,5.276590725473101,-0.04583333333333333,0.8575542580825749,5.357261108348817
lc5153813.mxl,Johannes Brahms,0.5747100979530977,0.29179028855754724,5.998706002870936,0.3595690633160882,0.1552096750701999,6.0576714022910725,2.352617079889807,1.351323210083539,6.411356710847924,-0.0020325203252032522,0.9381242826375064,6.059477191137215
lc5153947.mxl,Johannes Brahms,0.5685781970246645,0.2915216272239537,5.113236419207075,0.3865957391211073,0.146411671959327,5.215709827138436,2.1348039215686274,1.3716186447592815,5.805560117153254,0.024509803921568627,1.026314200495724,5.147989152569805
lc5155459.mxl,Johannes Brahms,0.46362051157999284,0.3516456990925354,5.565504683648645,0.3686800594435065,0.1349659359958146,5.901065997782383,2.1301369863013697,1.709216349436185,6.030416753927913,0.0175,0.9204312847790431,5.859002581722356
lc5187781.mxl,Clara Schumann,0.6135943423637877,0.25200330325428005,5.062339199677291,0.3371035655538123,0.16552006724911647,4.996472448797633,3.058988764044944,2.1863732963254443,5.598399238883529,-0.011235955056179775,0.7788551382302638,5.091762490267644
lc5197231.mxl,Clara Schumann,0.6012689345722669,0.3182945405794923,4.605031781993265,0.41945136520816534,0.10687287732256924,4.79163994146964,2.388888888888889,1.687828614551479,5.207701806214652,-0.031746031746031744,0.5900835014425747,4.783783314019777
lc5636215.mxl,Johannes Brahms,0.7226267542331506,0.11794298936473924,5.051019451366199,0.3467169251250715,0.11274029712452964,5.083480062382196,3.2385057471264367,1.9704746080580315,5.631858893563075,-0.10919540229885058,1.2432005584315864,4.873101311646759
lc5639135.mxl,Johannes Brahms,0.6869684406194049,0.21006775503751687,5.26492057370909,0.39309746542853774,0.10856350356642201,5.301684754435797,3.992822966507177,2.3523267870678066,5.823768004750842,0.0861244019138756,0.9394332017259264,5.231689018374308
lc5649214.mxl,Johannes Brahms,0.4844465556383032,0.3369976129233412,5.0075387670480485,0.25788088581182367,0.17147292826984248,5.0450948501615045,2.550925925925926,1.7865752137855915,5.114040126938974,-0.041666666666666664,0.8405933750763339,5.256549377705026
lc5652206.mxl,Johannes Brahms,0.44023826323023885,0.3475124773375028,5.200423067769886,0.3047794518427028,0.16238110040878193,5.4404140551634335,2.501766784452297,1.5758211910543276,5.417011156874651,0.0035335689045936395,0.7997271319783049,5.550540463380217
lc5652250.mxl,Johannes Brahms,0.4457186323591943,0.3392038344233875,4.459332518927843,0.40346375055898975,0.14218993696025528,4.797790075827339,2.465909090909091,1.509682364015817,5.324238382142692,-0.007575757575757576,0.9808485204242119,4.748470304735041
lc5653497.mxl,Johannes Brahms,0.673618610476871,0.2535404771316116,4.328861467164784,0.4212222222337108,0.124339194516291,4.375371630534742,4.65680473372781,2.83061733973373,4.90653302622265,0.10588235294117647,0.982476216287669,4.317934026606881
lc5654342.mxl,Johannes Brahms,0.6329221730354528,0.23946789981454847,4.317938254117219,0.34444043111288325,0.1363809080728545,4.312959614361508,1.903030303030303,0.8823126802604578,4.992568193197382,-0.27710843373493976,1.111963995820531,4.139727326699467
lc5654485.mxl,Johannes Brahms,0.6749970746732175,0.17043396669750321,4.052912158134948,0.32251034749468954,0.11940388004012327,4.00420805976233,1.925,2.1219586078275263,4.028180747396215,0.0,1.3038404810405297,3.7937549359286518
lc5656522.mxl,Johannes Brahms,0.32260841466474816,0.3446515324241434,5.623713176399466,0.33926081425709614,0.12716589064801512,6.242420226551332,1.9382716049382716,1.2002641582949762,6.145774999128772,0.003527336860670194,0.7200736604078709,6.259827161714986
lc5659823.mxl,Johannes Brahms,0.4879545812122118,0.34416671976194846,5.259950140763894,0.35014438935213205,0.14125539535237622,5.495222202931243,2.427536231884058,1.55753279984734,5.404209098792526,0.021739130434782608,0.9740650761251941,5.477033365866155
lc5667745.mxl,Johannes Brahms,0.52066833364195,0.3355353141455634,5.710892993612049,0.39956067389473165,0.1226541226780123,5.966704017928095,1.4699519230769231,1.8038583107830053,5.98171564907199,-0.038461538461538464,0.8978936561483655,5.9000652268489855
lc5667843.mxl,Johannes Brahms,0.7259912661954027,0.1406988958871437,4.911987926052766,0.48973611895685476,0.06912788548521559,4.815243048835536,4.985714285714286,1.7028787151078455,5.564839967451457,-0.10714285714285714,1.1631019398354467,4.714488620676087
lc5667849.mxl,Johannes Brahms,0.378792062183842,0.33579325020290846,4.757901477326515,0.32397322179998045,0.1775624628116614,5.015054860447485,2.15,2.009484091947352,5.488723775461212,0.005263157894736842,1.2332983948533796,4.985839583472766
lc5667944.mxl,Johannes Brahms,0.3863101563160255,0.3392234497117311,5.5421963116173485,0.2643490005227324,0.17724886584566513,5.710955252926672,2.316784869976359,1.6755443188987207,5.809998932986774,0.0070921985815602835,0.7028794599607006,5.9698057340824455
lc5695716.mxl,Johannes Brahms,0.660671971429976,0.26707717786256285,5.544604886377852,0.39105014756518863,0.09811399005185475,5.632333237413031,2.872852233676976,1.087725222790985,5.585731800242634,0.0,1.0872582877092452,5.485768940564804
lc5695728.mxl,Johannes Brahms,0.5835103717618084,0.3240076101360122,4.564257610323879,0.3792641875675383,0.09276317188849038,4.772080678588102,1.6040816326530611,2.0289696976920175,4.589515382950676,0.14634146341463414,1.1803466958597915,4.615974194444669
lc5695734.mxl,Johannes Brahms,0.5555097943563518,0.29708227413905447,4.520226749119119,0.3528472901864861,0.12356607807118343,4.658030388482622,2.6842105263157894,2.908896786942118,4.688983036085947,-0.017391304347826087,0.9599149300682138,4.600705124027943
lc5700433.mxl,Johannes Brahms,0.713024419313051,0.16871084628658142,3.965088719015465,0.3280512523686674,0.12625733732450783,3.899330275223879,4.218181818181818,2.237619750708402,4.565652104309386,0.01818181818181818,1.0355658811562285,3.8381075963487916
lc5701612.mxl,Johannes Brahms,0.5644738075220007,0.2674934253095206,3.8339730197806596,0.37503830416771267,0.12714516474797427,3.932139107949477,1.8425925925925926,1.0107023322371305,4.488220122826717,0.18181818181818182,1.1769128969223461,3.8240518922748254
lc5705406.mxl,Johannes Brahms,0.6122307918903378,0.2771708023940251,5.039416271163386,0.22972750503230283,0.12190760066572501,4.965943313910577,1.5055555555555555,0.819872769412847,5.737278940715117,0.011111111111111112,1.0219202452512237,5.028983628987863
lc5705502.mxl,Johannes Brahms,0.270000407304759,0.3642165605499074,4.9447282981690694,0.3341480600385078,0.15541103322768754,5.78265991131589,0.7168367346938775,1.5266082833836125,4.954421531718591,-0.05102040816326531,0.815943787824645,5.860885730912985
lc5705564.mxl,Johannes Brahms,0.6836340542041599,0.2265344181088106,3.827148625240521,0.2597441396756358,0.17327078444523783,3.575696626311238,2.72,1.8170305445974206,4.376303478928872,-0.4,0.9999999999999998,3.7062081348852187
lc5725144.mxl,Johannes Brahms,0.5280183429224466,0.2945490504902278,4.9555279762538,0.4164756043180815,0.12629566509898654,5.12926867018912,1.4777777777777779,1.7383119383648402,5.100620450844919,-0.03333333333333333,1.1348029687032801,4.976352800602051
lc5726490.mxl,Johannes Brahms,0.5307712609218636,0.34220988888918075,4.971958313513768,0.17325661445916907,0.14060789273075455,4.798849852069502,3.606060606060606,2.440475950509198,5.049413621694715,0.025252525252525252,0.9714971715928024,5.141296687368104
lc5729178.mxl,Johannes Brahms,0.7497461268265635,0.12563043185250097,4.849994758037539,0.437826456729395,0.10014233219709565,4.821597862479084,2.694244604316547,2.008086880238501,5.202576736324729,-0.050359712230215826,0.9620402555719405,4.777173094043333
lc5729860.mxl,Johannes Brahms,0.5589771433975571,0.27409907203897593,4.170350650199956,0.3722823180759466,0.08853071637727257,4.333746648600942,1.5126582278481013,1.8409454841458124,4.188194606369458,-0.05063291139240506,1.2518212977292271,4.10260832104939
lc5846100.mxl,Johannes Brahms,0.6001498361374499,0.29409904430593636,5.30672763194919,0.3517322185304057,0.14641321692724513,5.366280138313453,3.596707818930041,1.7736959694368362,5.361978945333323,-0.05761316872427984,0.966929329231366,5.33032565647885
lc5846139.mxl,Johannes Brahms,0.6279828337354308,0.2861530061941671,5.558883024094326,0.39042436101674943,0.14330593339533043,5.6297585646138835,3.0784313725490198,1.4709803398832197,5.592172298167929,-0.026143790849673203,0.6758941056624844,5.644339364761662
lc5846184.mxl,Johannes Brahms,0.49730929631763515,0.32834656350834884,5.073676416667562,0.32133204547597943,0.15249074432058116,5.202151988508604,1.212962962962963,1.3560626960672928,5.3772610401547585,0.027777777777777776,0.8814795362568016,5.269389780820211
lc5925389.mxl,Johannes Brahms,0.5188982414833816,0.32918028039972536,5.152834082970802,0.30073292423413406,0.1966754710651195,5.141313972052528,2.0492505353319057,1.3679313049291133,5.865137659308216,-0.10683760683760683,1.1138772274815412,5.237069060339788
lc5934726.mxl,Johannes Brahms,0.7224510226787835,0.14986694905130424,5.071371497382945,0.3463594731103463,0.16883250420621693,4.915429619206675,3.2591463414634148,2.294593699737899,5.524669252171815,-0.024390243902439025,1.005783395147086,4.931215165582025
lc5936324.mxl,Johannes Brahms,0.6842821980053702,0.23708027154623873,4.527880703516228,0.2926663900026982,0.17359609383991956,4.347620325882207,3.5074626865671643,2.4293385111675025,5.054038749900425,0.0297029702970297,1.2304345649826525,4.383797452890694
lc5937814.mxl,Johannes Brahms,0.5746678139073614,0.31098470721073934,5.435131707371479,0.3751642024640321,0.12893325144944284,5.579918597206862,1.6753472222222223,1.209259652520709,6.11652906691549,-0.06597222222222222,1.0303494009884628,5.4856013137650566
lc5940230.mxl,Johannes Brahms,0.7446358669846571,0.1441893946807579,4.708012509102388,0.2809912978854287,0.13552173422569225,4.571983702259004,3.6315789473684212,1.7308509107795103,5.316266430785316,-0.14912280701754385,1.1257158045606956,4.523766695639396
lc5946872.mxl,Franz Schubert,0.5147870340145476,0.35953422760554193,4.575368870881682,0.3772097363472635,0.117552185966,4.882095323044467,1.3546099290780143,1.2917345080681393,5.139641467120365,0.05673758865248227,1.0570469345873088,4.787583796737796
lc6180725.mxl,Franz Schubert,0.7051251169819835,0.12766104501303932,4.499439018206479,0.40704363716734826,0.12617796067879516,4.4582543292577865,3.0760869565217392,0.9467759439755201,5.154627381606519,0.03260869565217391,0.9830198254947304,4.365420146095161
lc6181050.mxl,Franz Schubert,0.43626298266918045,0.3540884868544968,4.465121872842595,0.32188110014634985,0.17977054655278724,4.680568111943293,2.111913357400722,2.5059717023538943,4.836063754777896,0.11510791366906475,0.7688086335189955,4.8605317363854015
lc6181076.mxl,Franz Schubert,0.5703107603718243,0.29758750627139635,5.548053411322506,0.38744969704290994,0.15835740939572684,5.635574786184874,2.428125,2.397490142706535,5.8748743184777075,0.015625,0.8458019031516777,5.65750252438985
lc6181353.mxl,Franz Schubert,0.6941528820662195,0.13777564602463854,6.3963849709786516,0.3149816389277822,0.13844325844507535,6.281659174491097,2.1691056910569104,1.527212779873277,6.8680389662389985,0.02113821138211382,1.0989464305963135,6.226782472388189
lc6182149.mxl,Franz Schubert,0.35565119929665717,0.3752909966315302,4.603577828864951,0.3558016242325327,0.13628756573917997,5.201571484420526,2.1176470588235294,1.8002947342961615,4.874204900133968,-0.06372549019607843,0.7546313495104583,5.216372407439199
lc6182173.mxl,Franz Schubert,0.6428513938994632,0.20460971027682176,5.993180814188118,0.3926653154394933,0.1334986602550021,5.9718015052638,3.8121353558926487,4.206839154713125,6.005497576923936,-0.04428904428904429,0.8852040816126803,5.936814878524957
lc6302395.mxl,Johannes Brahms,0.6646516524803248,0.235097091578803,5.1744753243379815,0.3047380834483655,0.17703124530273415,5.0273392228173055,2.6096938775510203,1.8219769225456854,5.681106631294998,0.08163265306122448,1.0466025636700478,5.113537838029954
lc6320420.mxl,Johannes Brahms,0.3796877436899526,0.37374116980445854,6.148231004762596,0.36071236105589444,0.14612185988523288,6.670787074375321,1.4660297239915074,1.2936284128195636,6.402360416644688,-0.021252796420581657,0.6660479765085963,6.728795205130867
lc6389071.mxl,Franz Schubert,0.5964853468074381,0.24308731252654314,5.3746717218689355,0.3086271104797494,0.15517426612338925,5.290142234413346,3.815040650406504,2.0373388006395614,6.034888872773129,-0.06097560975609756,0.9108322064728528,5.380243066245365
lc6389103.mxl,Franz Schubert,0.7444649727426053,0.1820507605540676,4.167589939081396,0.1423175017974854,0.14404470371389722,3.5370747179606563,5.463235294117647,1.42925365259642,4.852409943358502,0.1323529411764706,0.8026502381761876,4.143505042259104
lc6485233.mxl,Franz Schubert,0.7453205220520401,0.08202456310038003,5.92220813813339,0.47410197216646127,0.07743070397519618,5.839966286404124,3.675531914893617,2.2045738802912207,6.341718015548555,0.06382978723404255,0.692797453411274,5.86928327689558
lc6486395.mxl,Franz Schubert,0.3809275314108156,0.36999783676950687,5.362248730569279,0.33247396503558035,0.17664839589263062,5.752758061877033,2.738035264483627,2.3134453503777923,5.506439780333838,0.005037783375314861,0.8921571577017199,5.851557129103683
lc6486443.mxl,Franz Schubert,0.6587293435291741,0.25846715380968893,3.907676824209459,0.38426584145331616,0.11278136867261633,3.7922384574329104,2.267857142857143,2.1296467801406096,4.162115936543438,0.17857142857142858,1.1666059265043625,3.8465159107001057
lc6487832.mxl,Franz Schubert,0.632782775040856,0.19373011423335504,5.847729564699048,0.3830188927689317,0.09867646286728343,5.868392280883128,2.1902173913043477,1.1029663346402356,6.469011608201478,-0.01358695652173913,0.97653455772879,5.751067153301108
lc6686592.mxl,Johannes Brahms,0.5681985721542195,0.2855984208200499,5.745271837358059,0.3528200148441703,0.15565589018024253,5.794449241274469,2.163588390501319,1.776315536718235,6.208169790809773,-0.0079155672823219,0.9999686714065592,5.772899018838834
lc6686901.mxl,Johannes Brahms,0.48659827115101584,0.35428860960224023,5.0382949136862605,0.33325958501096664,0.20519950862983713,5.133206458007383,1.5973451327433628,1.5605172830244152,5.57198248745435,-0.2168141592920354,1.1374091545843377,5.158681665204396
lc6686980.mxl,Johannes Brahms,0.4850368232705431,0.33631572185709835,5.233910939472985,0.3950452885801439,0.182676979458909,5.42027037499542,1.4067164179104477,1.7445735809310798,5.414118715199585,-0.05970149253731343,1.045681910124657,5.400921021274552
lc6687153.mxl,Johannes Brahms,0.5498694420544101,0.31842400212193717,5.5999614394430335,0.37056086944434535,0.16107686125646187,5.716288612792502,2.1438746438746437,1.7640234463658857,6.1558833867519205,0.07977207977207977,1.18365697002816,5.642802490350267
lc6826352.mxl,Robert Schumann,0.4611102695318967,0.33604508574395414,5.067710801587195,0.2986288363237866,0.12610241129085412,5.326083178206346,1.9914529914529915,1.0294445145193387,5.302177153146212,0.038461538461538464,0.6751190023426454,5.381881934065503
lc6826597.mxl,Robert Schumann,0.6037949698761272,0.29461410475613675,5.924725621028692,0.3982042366340533,0.1652829301697166,5.9698448073012615,3.912359550561798,1.6676579974821246,5.978767399892368,0.01348314606741573,0.6358557908791872,6.037763250751674
lc6827712.mxl,Robert Schumann,0.5644166385681254,0.31575440693880996,5.370938092184348,0.3851991795499029,0.1650980985328922,5.471346426216508,2.38768115942029,3.0123646857228223,5.438788258739756,0.007246376811594203,1.0867874264606485,5.43180419712974
lc6828018.mxl,Robert Schumann,0.3101700106881236,0.37719182960163156,4.493681260133965,0.3258479847260483,0.19889048335168993,5.045847486126995,2.014354066985646,2.1818706448825527,4.625629091761784,-0.03349282296650718,0.8715754591823756,5.208814493003252
lc6834411.mxl,Franz Schubert,0.4846543062777193,0.3671264848884864,4.191750355325298,0.4408879872916453,0.10910777056942361,4.585291526244217,1.412621359223301,2.0502512094081804,4.215264165784731,-0.019417475728155338,0.7370971998486333,4.5364976730953925
lc6834474.mxl,Franz Schubert,0.42346688130412413,0.3828594073444415,4.463685953103251,0.441673809247162,0.07810720816522258,4.981225099787648,2.5256410256410255,3.1954469169965156,4.829196168708124,0.08974358974358974,0.719435274184523,4.9793308704705375
lc6834542.mxl,Robert Schumann,0.7337810264116077,0.1971753410198227,4.073772278694104,0.3943836682552425,0.10720310959804451,4.080624222843992,3.8629032258064515,1.8418726332421491,4.672816918101366,0.08064516129032258,0.9554324657819281,4.012053439478802
lc6834588.mxl,Robert Schumann,0.4731973444193903,0.34199269053380327,4.872317889008962,0.19208098862555176,0.14964023869464507,4.786159213902456,1.6382978723404256,0.9768715134679997,5.719329918859329,-0.0797872340425532,1.1664712914939586,5.004985003521819
lc6834630.mxl,Robert Schumann,0.7088391277696849,0.18728670026522762,4.99773170248914,0.28960269980090014,0.12423801081329669,4.923601488072913,2.358974358974359,1.56462790673119,5.511075798115276,-0.0641025641025641,1.0900452071282039,4.85479423263012
lc6838113.mxl,Franz Schubert,0.5691779658772099,0.3205096603045039,6.151052715662878,0.3258184418881353,0.13677076043124475,6.266141251230572,2.1858333333333335,1.8734013555265965,6.636318302973313,-0.05333333333333334,0.8720601406376105,6.270556902800989
lc6885211.mxl,Robert Schumann,0.5353123868829583,0.316936735222168,5.305140015975475,0.3696913889819352,0.14150553787491207,5.468079819516705,2.058712121212121,1.587820549981636,5.937206477275109,0.045454545454545456,0.8471309544542039,5.473786715697331
lc6885263.mxl,Robert Schumann,0.6611140269691924,0.23554776490174478,4.815672509210737,0.4108463673581215,0.13891200142860438,4.819460216978616,2.4338235294117645,2.69449931473241,4.87409702653998,0.09558823529411764,0.8734538984988093,4.802901569768332
lc6891758.mxl,Robert Schumann,0.5092402938666797,0.36462657220507677,5.59366566598976,0.2004881745262572,0.14070758362329208,5.601045516902749,2.121212121212121,0.9772433634301273,5.866279415868666,-0.03787878787878788,0.7078774257977765,5.890603363988735
lc6900961.mxl,Franz Schubert,0.6948631016941,0.132263267515465,4.626696397519985,0.261235438608252,0.1802850311187858,4.297059209406689,3.875598086124402,1.8518909904146927,5.22488532083171,0.009523809523809525,1.1505298000754598,4.433523942962925
lc6909438.mxl,Robert Schumann,0.436045968839279,0.35937630460682435,4.436141476641955,0.41086953495509365,0.17002378657975747,4.793630091896267,2.1703056768558953,2.6975308769921154,4.565120639709942,-0.11510791366906475,0.8821094459791117,4.799616700902135
lc6909543.mxl,Robert Schumann,0.4396322473709435,0.3142628371707994,3.8492700013202845,0.32585729017266873,0.17513825534176328,3.976531461036619,2.990740740740741,2.0161173281663904,4.356204359107566,0.07462686567164178,1.0832983469626303,4.011647448999563
lc6909785.mxl,Robert Schumann,0.37777981125899657,0.33992897269613037,4.556918010785748,0.2791723737629684,0.18538378657173787,4.75200999347354,2.345679012345679,1.7331943949099224,4.700742653955096,-0.037037037037037035,0.8380524814062786,4.961885438984898
lc6909797.mxl,Robert Schumann,0.7382186712635207,0.18464659152672652,5.034428696186412,0.451092797605243,0.10036685366901506,5.053468124525883,2.132716049382716,2.304915044815425,5.029375770984672,0.012345679012345678,0.9161625167235508,4.9563804966262355
lc6910703.mxl,Robert Schumann,0.5222686829474532,0.3332737425277956,4.85964340059731,0.3715707673468453,0.14411030592242524,5.06086356311768,1.765536723163842,2.1042998406293902,5.059391773125046,0.15254237288135594,0.9996647910836024,5.04949539497092
lc6914397.mxl,Robert Schumann,0.6440209015608765,0.2674802162026927,5.005596943357149,0.40196908874431797,0.1265029127012458,5.076587067343587,3.046511627906977,1.5413447522256754,5.682876077296054,0.1511627906976744,1.0456714974005616,4.987764856824555
lc6915474.mxl,Robert Schumann,0.7383324685928871,0.12672811396202413,4.874152825565576,0.35848446597637823,0.14220003319096258,4.870530454707266,4.739726027397261,2.4252894979122193,5.243458824870029,-0.1780821917808219,0.9840156162229025,4.806861114951979
lc6915685.mxl,Robert Schumann,0.5001055974049734,0.37790589515034106,3.987154305658072,0.4496971175147137,0.10507132482647182,4.3919508490162755,2.2083333333333335,2.5398119696681962,4.307334752318631,-0.023809523809523808,0.8448188094861986,4.310112122140887
lc6915729.mxl,Robert Schumann,0.6902089186879956,0.19821780289610053,4.517947002409861,0.4273679863289259,0.11694489893202938,4.5365709309303925,2.943877551020408,2.0233114061435864,5.021177104057369,0.10204081632653061,1.1560823704709018,4.3736615813542254
lc6915753.mxl,Robert Schumann,0.5321084946871389,0.3554196874898345,3.9186975206804715,0.43386338861334145,0.0992368978006204,4.242525212452039,1.8819444444444444,1.9667250265980025,4.296327079162646,-0.20833333333333334,1.0129371484286016,4.066997780303191
lc6916642.mxl,Robert Schumann,0.4648601285390697,0.32832867780075387,4.875077397512426,0.2994371169967759,0.1830761432213779,4.947805961693742,3.963157894736842,2.9883476381853904,4.892909085159962,-0.005263157894736842,0.9813919675164542,5.086854685909855
lc6917116.mxl,Robert Schumann,0.4491015140350345,0.31341227930944493,3.551872274857568,0.315182556047321,0.15683237680150552,3.7252619605553754,2.6597938144329896,1.8715812705658477,4.224262254473384,0.36,1.0537551897855595,3.796904252288923
lc6925763.mxl,Robert Schumann,0.4041837086639992,0.3433015025103419,5.290387487077782,0.30730921739235945,0.16333895634250514,5.589305638461703,1.271341463414634,0.7024578143658964,6.360929619450433,-0.036585365853658534,0.821882460755817,5.671668727586707
lc6965894.mxl,Robert Schumann,0.6727397561709556,0.18001146488647884,4.803991196313489,0.3761242780452657,0.11370052525412142,4.797451808742437,2.4375,2.3443749166888814,4.953630897251988,-0.0546875,0.8320587583480809,4.721718159465491
lc6969398.mxl,Robert Schumann,0.5442268068476086,0.3230249427944853,3.9352625651656723,0.27882522510820323,0.16426551390193925,3.9306520242940945,2.227272727272727,1.2034729358976115,4.698226397698527,0.09090909090909091,0.7329325225725954,4.115825082307836
lc6974646.mxl,Robert Schumann,0.6259112993442932,0.2602724193393816,4.343348900912697,0.3990907416364174,0.080782934026093,4.445017505746989,3.2670454545454546,2.502781252513668,4.784358918992476,-0.03409090909090909,0.8848325937759439,4.340614238523164
lc6979621.mxl,Robert Schumann,0.42219415267354715,0.368076524657229,4.364919167217194,0.35135182909663815,0.16605126968694606,4.726347108161194,2.5407407407407407,2.002823795296745,4.517916445930904,0.037037037037037035,0.5761610809668166,4.856039452147023
lc6980134.mxl,Robert Schumann,0.37630715725302716,0.3814348912484248,4.737688632409002,0.4401868978449194,0.1671934741921329,5.314223657494626,2.1842105263157894,2.3096509551501585,4.7331031412392734,-0.039473684210526314,0.8701803020520569,5.303343594772216
lc6980464.mxl,Robert Schumann,0.6802863049073269,0.2174877418104577,3.9499343414596684,0.31161142296789557,0.17618807510402565,3.7754794857280287,3.1785714285714284,1.886106560930128,4.468673722830514,0.10714285714285714,1.096725180913149,3.8452222653226404
lc6981173.mxl,Robert Schumann,0.5431717473567059,0.34195152291674524,4.2591307224401636,0.3792509063287378,0.10963434260609044,4.527129425337716,1.824742268041237,1.9345491990842028,4.655221342839527,0.09278350515463918,1.0943385162652042,4.375553607500811
lc6982729.mxl,Robert Schumann,0.7635965895208532,0.1481458331486355,3.6572868133966567,0.4333873475446127,0.09062692896681346,3.5969786114512226,5.9875,3.476685742197589,4.1828318536183895,-0.025,0.9079509898667439,3.5509707787527147
lc6982743.mxl,Robert Schumann,0.6896889089118338,0.1491898557731399,4.297606849700707,0.19355178914482085,0.1442155728278525,3.9190631167773002,2.4545454545454546,0.9472510404576867,4.970832440245037,0.15584415584415584,0.9406399460899647,4.20862968570218
lc6984262.mxl,Robert Schumann,0.34190306325629805,0.35248949630780074,4.142404912741213,0.44254431345249423,0.07468472763099407,4.8340040716494235,1.31640625,2.209152741428473,4.240219345869386,-0.0390625,0.7004724270760057,4.773582488691023
lc6984553.mxl,Robert Schumann,0.4623762544532585,0.3310104789483246,5.353789084672944,0.3371788760894859,0.15908607411173736,5.55960504077127,1.920583468395462,1.850624578063455,5.981135694921742,-0.012944983818770227,1.085276902408792,5.537612839465247
lc6984631.mxl,Robert Schumann,0.5585050991514666,0.27160196393156116,4.679720016510688,0.3902020846575999,0.12271307711681306,4.790236774767477,2.22265625,2.000301338382779,5.082488458322229,-0.046875,1.1170509094821954,4.647932859303795
lc6985082.mxl,Robert Schumann,0.688138613259273,0.21069252312946507,4.676572154104812,0.4164447474489404,0.12863668354211574,4.684594918922332,5.094827586206897,2.6538145878763286,5.260644724442932,0.09482758620689655,1.0826089837299495,4.5908183940716984
lc7071193.mxl,Franz Schubert,0.7381080317774925,0.18780867493411146,4.410680126660255,0.4509701480966355,0.08894516078980932,4.440639448391974,4.902298850574713,2.1406560929746474,5.037543065148231,0.09195402298850575,0.9782953025725615,4.324019590143439
lc7111114.mxl,Franz Schubert,0.5021439775700505,0.3096893090360814,6.2856836673023295,0.34983456081268843,0.11279179431885426,6.5165209514436775,2.6958333333333333,1.3104216348607463,6.441295886280079,0.018055555555555554,0.7176014037690827,6.49551444871685
lc8702982.mxl,Johannes Brahms,0.5896577176273767,0.28956949132967214,3.3001090631036556,0.32054183858851915,0.1287069775391082,3.3407973857096285,2.484375,1.794019470177233,3.8096448693384275,-0.125,0.9921567416492215,2.700703500856279
lc8708253.mxl,Johannes Brahms,0.6372167327521399,0.25237979554441625,4.354306929381946,0.31804601992419684,0.1159645533665523,4.388507167392514,1.6420454545454546,1.1038385083332338,4.849314754278337,0.2727272727272727,1.3545149477955762,4.229682439121541
lc8708688.mxl,Johannes Brahms,0.4951740322398251,0.34526539385520905,4.423353612128071,0.37005500904527777,0.11516347372209608,4.726450950207728,1.2295081967213115,1.6057626003308643,4.548595388153279,-0.02459016393442623,1.0516428580496604,4.625201855137721
lc8712405.mxl,Johannes Brahms,0.5661632222890925,0.28805563540816587,4.914297351073508,0.3524699025285499,0.13738146055775438,5.010964940125531,1.3333333333333333,1.4746535778287642,5.091906598184437,-0.047619047619047616,1.034002416695641,4.9547160729952076
lc8712648.mxl,Johannes Brahms,0.4918863044302725,0.34870762923386167,4.663591684185553,0.41535031163557373,0.13927676151838,4.956190856216478,1.0416666666666667,1.3545487626613337,4.778335977632489,-0.019230769230769232,0.894936997110324,4.92163533758076
lc8718660.mxl,Johannes Brahms,0.6420909547326779,0.24295834436885236,3.9316577528793957,0.4079989835677016,0.11395006565336023,3.985867416638479,1.2456140350877194,1.3736965337441018,3.9542979736066544,0.05263157894736842,1.176093035936447,3.8346101550702936
